{
  "type": "sprite",
  "src": "chests.gif",
  "sheetSize": [256, 256],
  "tileSize": [16, 24],
  "drawOffset": [0, 1, 0.2],
  "hotspotOffset": [0.5, 0.5, 0],
  "frames": {
    "down": [
      [16, 0],
      [16, 24],
      [16, 48],
      [16, 72]
    ],
    "right": [
      [80, 0],
      [80, 24],
      [80, 48],
      [80, 72]
    ],
    "up": [
      [16, 96],
      [16, 120],
      [16, 144],
      [16, 168]
    ],
    "left": [
      [144, 0],
      [144, 24],
      [144, 48],
      [144, 72]
    ]
  },
  "bindCamera": false,
  "enableSpeech": true,
  "state": "closed",
  "inventory": [],
  "states": [
    {
      "name": "closed",
      "next": "open",
      "type": "dialogue",
      "dialogue": "Chest Open",
      "callback": ""
    },
    {
      "name": "open",
      "next": "closed",
      "type": "dialogue",
      "dialogue": "Chest Closed",
      "callback": ""
    }
  ]
}
