{
  "FLAT_ALL": {
    "vertices": [
      [
        [0, 1, 0],
        [1, 1, 0],
        [1, 0, 0]
      ],
      [
        [0, 1, 0],
        [1, 0, 0],
        [0, 0, 0]
      ]
    ],
    "surfaces": [
      [
        [0, 1],
        [1, 1],
        [1, 0]
      ],
      [
        [0, 1],
        [1, 0],
        [0, 0]
      ]
    ],
    "type": 15
  },
  "FLAT_NONE": {
    "vertices": [
      [
        [0, 1, 0],
        [1, 1, 0],
        [1, 0, 0]
      ],
      [
        [0, 1, 0],
        [1, 0, 0],
        [0, 0, 0]
      ]
    ],
    "surfaces": [
      [
        [0, 1],
        [1, 1],
        [1, 0]
      ],
      [
        [0, 1],
        [1, 0],
        [0, 0]
      ]
    ],
    "type": 0
  },
  "STAIR_R": {
    "vertices": [
      [
        [0.25, 0, 0.25],
        [0.25, 1, 0.25],
        [0.5, 1, 0.25]
      ],
      [
        [0.25, 0, 0.25],
        [0.5, 1, 0.25],
        [0.5, 0, 0.25]
      ],
      [
        [0.5, 0, 0.5],
        [0.5, 1, 0.5],
        [0.75, 1, 0.5]
      ],
      [
        [0.5, 0, 0.5],
        [0.75, 1, 0.5],
        [0.75, 0, 0.5]
      ],
      [
        [0.75, 0, 0.75],
        [0.75, 1, 0.75],
        [1, 1, 0.75]
      ],
      [
        [0.75, 0, 0.75],
        [1, 1, 0.75],
        [1, 0, 0.75]
      ],
      [
        [0.25, 0, 0],
        [0.25, 1, 0],
        [0.25, 1, 0.25]
      ],
      [
        [0.25, 0, 0],
        [0.25, 1, 0.25],
        [0.25, 0, 0.25]
      ],
      [
        [0.5, 0, 0.25],
        [0.5, 1, 0.25],
        [0.5, 1, 0.5]
      ],
      [
        [0.5, 0, 0.25],
        [0.5, 1, 0.5],
        [0.5, 0, 0.5]
      ],
      [
        [0.75, 0, 0.5],
        [0.75, 1, 0.5],
        [0.75, 1, 0.75]
      ],
      [
        [0.75, 0, 0.5],
        [0.75, 1, 0.75],
        [0.75, 0, 0.75]
      ],
      [
        [1, 0, 0.75],
        [1, 1, 0.75],
        [1, 1, 1]
      ],
      [
        [1, 0, 0.75],
        [1, 1, 1],
        [1, 0, 1]
      ],
      [
        [0, 0, 0],
        [1, 0, 0],
        [1, 0, 1]
      ],
      [
        [0, 0, 0],
        [1, 0, 1],
        [0, 0, 1]
      ],
      [
        [0, 1, 0],
        [1, 1, 0],
        [1, 1, 1]
      ],
      [
        [0, 1, 0],
        [1, 1, 1],
        [0, 1, 1]
      ]
    ],
    "surfaces": [
      [
        [0, 0.75],
        [1, 0.75],
        [1, 0.5]
      ],
      [
        [0, 0.75],
        [1, 0.5],
        [0, 0.5]
      ],
      [
        [0, 0.5],
        [1, 0.5],
        [1, 0.25]
      ],
      [
        [0, 0.5],
        [1, 0.25],
        [0, 0.25]
      ],
      [
        [0, 0.25],
        [1, 0.25],
        [1, 0]
      ],
      [
        [0, 0.25],
        [1, 0.0],
        [0, 0]
      ],
      [
        [0, 2],
        [1, 2],
        [1, 1.75]
      ],
      [
        [0, 2],
        [1, 1.75],
        [0, 1.75]
      ],
      [
        [0, 1.75],
        [1, 1.75],
        [1, 1.5]
      ],
      [
        [0, 1.75],
        [1, 1.5],
        [0, 1.5]
      ],
      [
        [0, 1.5],
        [1, 1.5],
        [1, 1.25]
      ],
      [
        [0, 1.5],
        [1, 1.25],
        [0, 1.25]
      ],
      [
        [0, 1.25],
        [1, 1.25],
        [1, 1]
      ],
      [
        [0, 1.25],
        [1, 1],
        [0, 1]
      ],
      [
        [-1, 2],
        [0, 2],
        [0, 1]
      ],
      [
        [-1, 2],
        [0, 1],
        [-1, 1]
      ],
      [
        [-1, 2],
        [0, 2],
        [0, 1]
      ],
      [
        [-1, 2],
        [0, 1],
        [-1, 1]
      ]
    ],
    "walkPoly": [
      [
        [0, 1, 0],
        [1, 1, 1],
        [1, 0, 1]
      ],
      [
        [0, 1, 0],
        [1, 0, 1],
        [0, 0, 0]
      ]
    ],
    "type": 5
  },
  "STAIR_T": {
    "vertices": [
      [
        [0, 0.75, 0.25],
        [1, 0.75, 0.25],
        [1, 0.5, 0.25]
      ],
      [
        [0, 0.75, 0.25],
        [1, 0.5, 0.25],
        [0, 0.5, 0.25]
      ],
      [
        [0, 0.5, 0.5],
        [1, 0.5, 0.5],
        [1, 0.25, 0.5]
      ],
      [
        [0, 0.5, 0.5],
        [1, 0.25, 0.5],
        [0, 0.25, 0.5]
      ],
      [
        [0, 0.25, 0.75],
        [1, 0.25, 0.75],
        [1, 0, 0.75]
      ],
      [
        [0, 0.25, 0.75],
        [1, 0, 0.75],
        [0, 0, 0.75]
      ],
      [
        [0, 0.75, 0],
        [1, 0.75, 0],
        [1, 0.75, 0.25]
      ],
      [
        [0, 0.75, 0],
        [1, 0.75, 0.25],
        [0, 0.75, 0.25]
      ],
      [
        [0, 0.5, 0.25],
        [1, 0.5, 0.25],
        [1, 0.5, 0.5]
      ],
      [
        [0, 0.5, 0.25],
        [1, 0.5, 0.5],
        [0, 0.5, 0.5]
      ],
      [
        [0, 0.25, 0.5],
        [1, 0.25, 0.5],
        [1, 0.25, 0.75]
      ],
      [
        [0, 0.25, 0.5],
        [1, 0.25, 0.75],
        [0, 0.25, 0.75]
      ],
      [
        [0, 0, 0.75],
        [1, 0, 0.75],
        [1, 0, 1]
      ],
      [
        [0, 0, 0.75],
        [1, 0, 1],
        [0, 0, 1]
      ],
      [
        [0, 1, 0],
        [0, 0, 0],
        [0, 0, 1]
      ],
      [
        [0, 1, 0],
        [0, 0, 1],
        [0, 1, 1]
      ],
      [
        [1, 1, 0],
        [1, 0, 0],
        [1, 0, 1]
      ],
      [
        [1, 1, 0],
        [1, 0, 1],
        [1, 1, 1]
      ]
    ],
    "surfaces": [
      [
        [0, 0.75],
        [1, 0.75],
        [1, 0.5]
      ],
      [
        [0, 0.75],
        [1, 0.5],
        [0, 0.5]
      ],
      [
        [0, 0.5],
        [1, 0.5],
        [1, 0.25]
      ],
      [
        [0, 0.5],
        [1, 0.25],
        [0, 0.25]
      ],
      [
        [0, 0.25],
        [1, 0.25],
        [1, 0]
      ],
      [
        [0, 0.25],
        [1, 0.0],
        [0, 0]
      ],
      [
        [0, 2],
        [1, 2],
        [1, 1.75]
      ],
      [
        [0, 2],
        [1, 1.75],
        [0, 1.75]
      ],
      [
        [0, 1.75],
        [1, 1.75],
        [1, 1.5]
      ],
      [
        [0, 1.75],
        [1, 1.5],
        [0, 1.5]
      ],
      [
        [0, 1.5],
        [1, 1.5],
        [1, 1.25]
      ],
      [
        [0, 1.5],
        [1, 1.25],
        [0, 1.25]
      ],
      [
        [0, 1.25],
        [1, 1.25],
        [1, 1]
      ],
      [
        [0, 1.25],
        [1, 1],
        [0, 1]
      ],
      [
        [-1, 2],
        [0, 2],
        [0, 1]
      ],
      [
        [-1, 2],
        [0, 1],
        [-1, 1]
      ],
      [
        [-1, 2],
        [0, 2],
        [0, 1]
      ],
      [
        [-1, 2],
        [0, 1],
        [-1, 1]
      ]
    ],
    "walkPoly": [
      [
        [0, 1, 0],
        [1, 1, 0],
        [1, 0, 1]
      ],
      [
        [0, 1, 0],
        [1, 0, 1],
        [0, 0, 1]
      ]
    ],
    "type": 10
  },
  "STAIR_L": {
    "vertices": [
      [
        [0.75, 1, 0.25],
        [0.75, 0, 0.25],
        [0.5, 0, 0.25]
      ],
      [
        [0.75, 1, 0.25],
        [0.5, 0, 0.25],
        [0.5, 1, 0.25]
      ],
      [
        [0.5, 1, 0.5],
        [0.5, 0, 0.5],
        [0.25, 0, 0.5]
      ],
      [
        [0.5, 1, 0.5],
        [0.25, 0, 0.5],
        [0.25, 1, 0.5]
      ],
      [
        [0.25, 1, 0.75],
        [0.25, 0, 0.75],
        [0, 0, 0.75]
      ],
      [
        [0.25, 1, 0.75],
        [0, 0, 0.75],
        [0, 1, 0.75]
      ],
      [
        [0.75, 1, 0],
        [0.75, 0, 0],
        [0.75, 0, 0.25]
      ],
      [
        [0.75, 1, 0],
        [0.75, 0, 0.25],
        [0.75, 1, 0.25]
      ],
      [
        [0.5, 1, 0.25],
        [0.5, 0, 0.25],
        [0.5, 0, 0.5]
      ],
      [
        [0.5, 1, 0.25],
        [0.5, 0, 0.5],
        [0.5, 1, 0.5]
      ],
      [
        [0.25, 1, 0.5],
        [0.25, 0, 0.5],
        [0.25, 0, 0.75]
      ],
      [
        [0.25, 1, 0.5],
        [0.25, 0, 0.75],
        [0.25, 1, 0.75]
      ],
      [
        [0, 1, 0.75],
        [0, 0, 0.75],
        [0, 0, 1]
      ],
      [
        [0, 1, 0.75],
        [0, 0, 1],
        [0, 1, 1]
      ],
      [
        [1, 1, 0],
        [0, 1, 0],
        [0, 1, 1]
      ],
      [
        [1, 1, 0],
        [0, 1, 1],
        [1, 1, 1]
      ],
      [
        [1, 0, 0],
        [0, 0, 0],
        [0, 0, 1]
      ],
      [
        [1, 0, 0],
        [0, 0, 1],
        [1, 0, 1]
      ]
    ],
    "surfaces": [
      [
        [0, 0.75],
        [1, 0.75],
        [1, 0.5]
      ],
      [
        [0, 0.75],
        [1, 0.5],
        [0, 0.5]
      ],
      [
        [0, 0.5],
        [1, 0.5],
        [1, 0.25]
      ],
      [
        [0, 0.5],
        [1, 0.25],
        [0, 0.25]
      ],
      [
        [0, 0.25],
        [1, 0.25],
        [1, 0]
      ],
      [
        [0, 0.25],
        [1, 0.0],
        [0, 0]
      ],
      [
        [0, 2],
        [1, 2],
        [1, 1.75]
      ],
      [
        [0, 2],
        [1, 1.75],
        [0, 1.75]
      ],
      [
        [0, 1.75],
        [1, 1.75],
        [1, 1.5]
      ],
      [
        [0, 1.75],
        [1, 1.5],
        [0, 1.5]
      ],
      [
        [0, 1.5],
        [1, 1.5],
        [1, 1.25]
      ],
      [
        [0, 1.5],
        [1, 1.25],
        [0, 1.25]
      ],
      [
        [0, 1.25],
        [1, 1.25],
        [1, 1]
      ],
      [
        [0, 1.25],
        [1, 1],
        [0, 1]
      ],
      [
        [-1, 2],
        [0, 2],
        [0, 1]
      ],
      [
        [-1, 2],
        [0, 1],
        [-1, 1]
      ],
      [
        [-1, 2],
        [0, 2],
        [0, 1]
      ],
      [
        [-1, 2],
        [0, 1],
        [-1, 1]
      ]
    ],
    "walkPoly": [
      [
        [0, 1, 1],
        [1, 1, 0],
        [1, 0, 0]
      ],
      [
        [0, 1, 1],
        [1, 0, 0],
        [0, 0, 1]
      ]
    ],
    "type": 5
  },
  "STAIR_B": {
    "vertices": [
      [
        [1, 0.25, 0.25],
        [0, 0.25, 0.25],
        [0, 0.5, 0.25]
      ],
      [
        [1, 0.25, 0.25],
        [0, 0.5, 0.25],
        [1, 0.5, 0.25]
      ],
      [
        [1, 0.5, 0.5],
        [0, 0.5, 0.5],
        [0, 0.75, 0.5]
      ],
      [
        [1, 0.5, 0.5],
        [0, 0.75, 0.5],
        [1, 0.75, 0.5]
      ],
      [
        [1, 0.75, 0.75],
        [0, 0.75, 0.75],
        [0, 1, 0.75]
      ],
      [
        [1, 0.75, 0.75],
        [0, 1, 0.75],
        [1, 1, 0.75]
      ],
      [
        [1, 0.25, 0],
        [0, 0.25, 0],
        [0, 0.25, 0.25]
      ],
      [
        [1, 0.25, 0],
        [0, 0.25, 0.25],
        [1, 0.25, 0.25]
      ],
      [
        [1, 0.5, 0.25],
        [0, 0.5, 0.25],
        [0, 0.5, 0.5]
      ],
      [
        [1, 0.5, 0.25],
        [0, 0.5, 0.5],
        [1, 0.5, 0.5]
      ],
      [
        [1, 0.75, 0.5],
        [0, 0.75, 0.5],
        [0, 0.75, 0.75]
      ],
      [
        [1, 0.75, 0.5],
        [0, 0.75, 0.75],
        [1, 0.75, 0.75]
      ],
      [
        [1, 1, 0.75],
        [0, 1, 0.75],
        [0, 1, 1]
      ],
      [
        [1, 1, 0.75],
        [0, 1, 1],
        [1, 1, 1]
      ],
      [
        [1, 0, 0],
        [1, 1, 0],
        [1, 1, 1]
      ],
      [
        [1, 0, 0],
        [1, 1, 1],
        [1, 0, 1]
      ],
      [
        [0, 0, 0],
        [0, 1, 0],
        [0, 1, 1]
      ],
      [
        [0, 0, 0],
        [0, 1, 1],
        [0, 0, 1]
      ]
    ],
    "surfaces": [
      [
        [0, 0.75],
        [1, 0.75],
        [1, 0.5]
      ],
      [
        [0, 0.75],
        [1, 0.5],
        [0, 0.5]
      ],
      [
        [0, 0.5],
        [1, 0.5],
        [1, 0.25]
      ],
      [
        [0, 0.5],
        [1, 0.25],
        [0, 0.25]
      ],
      [
        [0, 0.25],
        [1, 0.25],
        [1, 0]
      ],
      [
        [0, 0.25],
        [1, 0.0],
        [0, 0]
      ],
      [
        [0, 2],
        [1, 2],
        [1, 1.75]
      ],
      [
        [0, 2],
        [1, 1.75],
        [0, 1.75]
      ],
      [
        [0, 1.75],
        [1, 1.75],
        [1, 1.5]
      ],
      [
        [0, 1.75],
        [1, 1.5],
        [0, 1.5]
      ],
      [
        [0, 1.5],
        [1, 1.5],
        [1, 1.25]
      ],
      [
        [0, 1.5],
        [1, 1.25],
        [0, 1.25]
      ],
      [
        [0, 1.25],
        [1, 1.25],
        [1, 1]
      ],
      [
        [0, 1.25],
        [1, 1],
        [0, 1]
      ],
      [
        [-1, 2],
        [0, 2],
        [0, 1]
      ],
      [
        [-1, 2],
        [0, 1],
        [-1, 1]
      ],
      [
        [-1, 2],
        [0, 2],
        [0, 1]
      ],
      [
        [-1, 2],
        [0, 1],
        [-1, 1]
      ]
    ],
    "walkPoly": [
      [
        [0, 1, 1],
        [1, 1, 1],
        [1, 0, 0]
      ],
      [
        [0, 1, 1],
        [1, 0, 0],
        [0, 0, 0]
      ]
    ],
    "type": 10
  },
  "WALL_R": {
    "vertices": [
      [
        [0, 0, -2],
        [0, 1, -2],
        [0, 1, 0]
      ],
      [
        [0, 0, -2],
        [0, 1, 0],
        [0, 0, 0]
      ]
    ],
    "surfaces": [
      [
        [0, 2],
        [1, 2],
        [1, 0]
      ],
      [
        [0, 2],
        [1, 0],
        [0, 0]
      ]
    ],
    "type": 11
  },
  "WALL_T": {
    "vertices": [
      [
        [0, 1, -2],
        [1, 1, -2],
        [1, 1, 0]
      ],
      [
        [0, 1, -2],
        [1, 1, 0],
        [0, 1, 0]
      ]
    ],
    "surfaces": [
      [
        [0, 2],
        [1, 2],
        [1, 0]
      ],
      [
        [0, 2],
        [1, 0],
        [0, 0]
      ]
    ],
    "type": 7
  },
  "WALL_L": {
    "vertices": [
      [
        [1, 1, -2],
        [1, 0, -2],
        [1, 0, 0]
      ],
      [
        [1, 1, -2],
        [1, 0, 0],
        [1, 1, 0]
      ]
    ],
    "surfaces": [
      [
        [0, 2],
        [1, 2],
        [1, 0]
      ],
      [
        [0, 2],
        [1, 0],
        [0, 0]
      ]
    ],
    "type": 14
  },
  "WALL_B": {
    "vertices": [
      [
        [1, 0, -2],
        [0, 0, -2],
        [0, 0, 0]
      ],
      [
        [1, 0, -2],
        [0, 0, 0],
        [1, 0, 0]
      ]
    ],
    "surfaces": [
      [
        [0, 2],
        [1, 2],
        [1, 0]
      ],
      [
        [0, 2],
        [1, 0],
        [0, 0]
      ]
    ],
    "type": 13
  }
}
