{
  "type": "sprite",
  "src": "air-knight.gif",
  "portraitSrc": "air_portrait.gif",
  "sheetSize": [128, 256],
  "tileSize": [24, 32],
  "drawOffset": [-0.25, 1, 0.125],
  "hotspotOffset": [0.5, 0.5, 0],
  "frames": {
    "up": [
      [0, 0],
      [24, 0],
      [48, 0],
      [24, 0]
    ],
    "right": [
      [0, 32],
      [24, 32],
      [48, 32],
      [24, 32]
    ],
    "down": [
      [0, 64],
      [24, 64],
      [48, 64],
      [24, 64]
    ],
    "left": [
      [0, 96],
      [24, 96],
      [48, 96],
      [24, 96]
    ]
  },
  "bindCamera": false,
  "enableSpeech": true,
  "state": "intro",
  "states": [
    {
      "name": "intro",
      "next": "loop",
      "type": "dialogue",
      "dialogue": "Buying eh??",
      "callback": ""
    },
    {
      "name": "loop",
      "next": "loop2",
      "type": "dialogue",
      "dialogue": "I heard about a strange legend once.",
      "callback": ""
    },
    {
      "name": "loop2",
      "next": "loop",
      "type": "dialogue",
      "dialogue": "Sorry, I don't remember the story at the moment",
      "callback": ""
    }
  ]
}
