{
  "type": "animated-tile",
  "src": "tileset.png",
  "sheetSize": [512, 512],
  "tileSize": [16, 16],
  "frames": {
    "N": [
      [0, 416],
      [16, 416],
      [32, 416],
      [48, 416],
      [64, 416],
      [80, 416]
    ]
  },
  "drawOffset": {
    "N": [0, 1, 0.001],
    "E": [0, 1, 0.001],
    "S": [0, 1, 0.001],
    "W": [0, 1, 0.001],
    "NW": [0, 1, 0.001],
    "NE": [0, 1, 0.001],
    "SW": [0, 1, 0.001],
    "SE": [0, 1, 0.001]
  },
  "hotspotOffset": [0.5, 0.5, 0],
  "frameTime": 150
}
