{
  "type": "sprite",
  "src": "chests.gif",
  "sheetSize": [256, 256],
  "tileSize": [16, 24],
  "drawOffset": [0, 1, 0.2],
  "hotspotOffset": [0.5, 0.5, 0],
  "frames": {
    "down": [
      [48, 0],
      [48, 24],
      [48, 48],
      [48, 72]
    ],
    "right": [
      [112, 0],
      [112, 24],
      [112, 48],
      [112, 72]
    ],
    "up": [
      [48, 96],
      [48, 120],
      [48, 144],
      [48, 168]
    ],
    "left": [
      [176, 0],
      [176, 24],
      [176, 48],
      [176, 72]
    ]
  },
  "bindCamera": false,
  "enableSpeech": true,
  "state": "closed",
  "inventory": [],
  "states": [
    {
      "name": "closed",
      "next": "open",
      "type": "dialogue",
      "dialogue": "Chest Open",
      "callback": ""
    },
    {
      "name": "open",
      "next": "closed",
      "type": "dialogue",
      "dialogue": "Chest Closed",
      "callback": ""
    }
  ]
}
