{
  "type": "sprite",
  "src": "room.gif",
  "sheetSize": [256, 256],
  "tileSize": [16, 32],
  "fixed": true,
  "frames": {
    "up": [
      [48, 64],
      [48, 96]
    ],
    "right": [
      [48, 64],
      [48, 96]
    ],
    "left": [
      [48, 64],
      [48, 96]
    ],
    "down": [
      [48, 64],
      [48, 96]
    ]
  },
  "drawOffset": [0, 1.001, 0.001],
  "hotspotOffset": [0.5, 0.5, 0],
  "state": "closed",
  "states": [
    {
      "name": "closed",
      "next": "open",
      "type": "animate",
      "animate": [600, 3],
      "callback": "() => { console.log({here: this}); this.blocking = false; this.override = true; }"
    },
    {
      "name": "open",
      "next": "closed",
      "type": "animate",
      "animate": [600, 2],
      "callback": "() => { console.log({here: this}); this.blocking = true; this.override = false; }"
    }
  ]
}
