{
  "type": "avatar",
  "src": "character.png",
  "portraitSrc": "hero_portrait.gif",
  "sheetSize": [128, 512],
  "tileSize": [32, 64],
  "state": "intro",
  "gender": "male",
  "frames": {
    "N": [
      [0, 256],
      [32, 256],
      [64, 256],
      [96, 256]
    ],
    "E": [
      [0, 128],
      [32, 128],
      [64, 128],
      [96, 128]
    ],
    "S": [
      [0, 0],
      [32, 0],
      [64, 0],
      [96, 0]
    ],
    "W": [
      [0, 384],
      [32, 384],
      [64, 384],
      [96, 384]
    ],
    "NE": [
      [0, 64],
      [32, 64],
      [64, 64],
      [96, 64]
    ],
    "SW": [
      [0, 448],
      [32, 448],
      [64, 448],
      [96, 448]
    ],
    "SE": [
      [0, 192],
      [32, 192],
      [64, 192],
      [96, 192]
    ],
    "NW": [
      [0, 320],
      [32, 320],
      [64, 320],
      [96, 320]
    ]
  },
  "drawOffset": [0,0,-1.5],
  "hotspotOffset": [0.5, 0.5, 0],
  "bindCamera": true,
  "enableSpeech": true
}
