{
  "type": "avatar",
  "src": "character.png",
  "portraitSrc": "witch_portrait.gif",
  "sheetSize": [96, 384],
  "tileSize": [24, 48],
  "state": "intro",
  "gender": "male",
  "frames": {
    "N": [
      [0, 192],
      [24, 192],
      [48, 192],
      [72, 192]
    ],
    "E": [
      [0, 96],
      [24, 96],
      [48, 96],
      [72, 96]
    ],
    "S": [
      [0, 0],
      [24, 0],
      [48, 0],
      [72, 0]
    ],
    "W": [
      [0, 288],
      [24, 288],
      [48, 288],
      [72, 288]
    ],
    "NE": [
      [0, 48],
      [24, 48],
      [48, 48],
      [72, 48]
    ],
    "SW": [
      [0, 336],
      [24, 336],
      [48, 336],
      [72, 336]
    ],
    "SE": [
      [0, 144],
      [24, 144],
      [48, 144],
      [72, 144]
    ],
    "NW": [
      [0, 240],
      [24, 240],
      [48, 240],
      [72, 240]
    ]
  },
  "drawOffset": [-0.15,-0.15,-1],
  "hotspotOffset": [0.5, 0.5, 0],
  "bindCamera": true,
  "enableSpeech": true
}
