{
  "type": "sprite",
  "src": "room.gif",
  "sheetSize": [256, 256],
  "tileSize": [16, 32],
  "fixed": true,
  "frames": {
    "N": [
      [48, 64],
      [48, 96]
    ],
    "E": [
      [48, 64],
      [48, 96]
    ],
    "W": [
      [48, 64],
      [48, 96]
    ],
    "S": [
      [48, 64],
      [48, 96]
    ]
  },
  "drawOffset": {
    "N": [0, 1.001, 0.001],
    "E": [0, 1.001, 0.001],
    "S": [0, 1.001, 0.001],
    "W": [0, 1.001, 0.001],
    "NW": [0, 1.001, 0.001],
    "NE": [0, 1.001, 0.001],
    "SW": [0, 1.001, 0.001],
    "SE": [0, 1.001, 0.001]
  },
  "hotspotOffset": [0.5, 0.5, 0],
  "state": "closed",
  "states": [
    {
      "name": "closed",
      "next": "open",
      "type": "animate",
      "animate": [600, 3],
      "callback": "() => { console.log({here: _this}); _this.blocking = false; _this.override = true; }"
    },
    {
      "name": "open",
      "next": "closed",
      "type": "animate",
      "animate": [600, 2],
      "callback": "() => { console.log({here: _this}); _this.blocking = true; _this.override = false; }"
    }
  ]
}
