{
  "type": "animated-sprite",
  "src": "room.png",
  "sheetSize": [256, 256],
  "tileSize": [16, 32],
  "frames": {
    "N": [
      [0, 210],
      [18, 210],
      [36, 210],
      [54, 210]
    ],
    "W": [
      [0, 210],
      [18, 210],
      [36, 210],
      [54, 210]
    ],
    "E": [
      [0, 210],
      [18, 210],
      [36, 210],
      [54, 210]
    ],
    "S": [
      [0, 210],
      [18, 210],
      [36, 210],
      [54, 210]
    ]
  },
  "drawOffset": [0, 1.001, 0.001],
  "hotspotOffset": [0.5, 0.5, 0],
  "frameTime": 150,
  "state": "closed"
}
