{
  "name": "default",
  "src": "tileset.png",
  "sheetSize": [512, 512],
  "sheetOffsetX": 0,
  "sheetOffsetY": 0,
  "tileSize": 16,
  "bgColor": [32, 62, 88],
  "textures": {
    "FLOOR": [1, 1],
    "FLOOR_BR": [2, 2],
    "FLOOR_R": [2, 1],
    "FLOOR_TR": [2, 0],
    "FLOOR_T": [1, 0],
    "FLOOR_TL": [0, 0],
    "FLOOR_L": [0, 1],
    "FLOOR_BL": [0, 2],
    "FLOOR_B": [1, 2],
    "FLOOR_CBR": [1, 1],
    "FLOOR_CTR": [1, 1],
    "FLOOR_CTL": [1, 1],
    "FLOOR_CBL": [1, 1],
    "FLOOR_V": [0, 3],
    "FLOOR_H": [1, 3],
    "FLOOR_C": [0, 4],
    "STAIR": [2, 3],
    "WALL": [1, 5],
    "WATER": [0, 26],
    "WALL_WATER": [1, 11],
    "WATER_WALL": [1, 12],
    "EMPTY": [2, 5],
    "EMPTY_BR": [2, 2],
    "EMPTY_R": [2, 1],
    "EMPTY_TR": [2, 0],
    "EMPTY_T": [1, 0],
    "EMPTY_TL": [0, 0],
    "EMPTY_L": [0, 1],
    "EMPTY_BL": [0, 2],
    "EMPTY_B": [1, 2],
    "EMPTY_CBR": [1, 1],
    "EMPTY_CTR": [1, 1],
    "EMPTY_CTL": [1, 1],
    "EMPTY_CBL": [1, 1]
  },
  "geometry": {
    "FLAT_ALL": "FLAT_ALL",
    "FLAT_NONE": "FLAT_NONE",
    "STAIR_R": "STAIR_R",
    "STAIR_T": "STAIR_T",
    "STAIR_L": "STAIR_L",
    "STAIR_B": "STAIR_B",
    "WALL_R": "WALL_R",
    "WALL_T": "WALL_T",
    "WALL_L": "WALL_L",
    "WALL_B": "WALL_B"
  }
}
