{
  "type": "animated-sprite",
  "src": "room.gif",
  "sheetSize": [256, 256],
  "tileSize": [48, 32],
  "fixed": true,
  "frames": {
    "N": [
      [0, 144],
      [48, 144],
      [0, 176],
      [48, 176]
    ]
  },
  "drawOffset": {
    "N": [0, 1.201, -0.201],
    "E": [0, 1.001, -0.201],
    "S": [0, 1.001, -0.201],
    "W": [0, 1.001, -0.201],
    "NW": [0, 1.201, -0.201],
    "NE": [0, 1.201, -0.201],
    "SW": [0, 1.001, -0.201],
    "SE": [0, 1.001, -0.201]
  },
  "hotspotOffset": [0.5, 0.5, 0],
  "frameTime": 150
}
