{
  "type": "animated-tile",
  "src": "sewer.gif",
  "sheetSize": [256, 256],
  "tileSize": [16, 16],
  "frames": {
    "N": [
      [0, 144],
      [16, 144],
      [32, 144],
      [48, 144],
      [64, 144],
      [80, 144]
    ]
  },
  "drawOffset": {
    "N": [0, 1, 0.001],
    "E": [0, 1, 0.001],
    "S": [0, 1, 0.001],
    "W": [0, 1, 0.001],
    "NW": [0, 1, 0.001],
    "NE": [0, 1, 0.001],
    "SW": [0, 1, 0.001],
    "SE": [0, 1, 0.001]
  },
  "hotspotOffset": [0.5, 0.5, 0],
  "frameTime": 150
}
