{
  "bounds": [0, 0, 17, 19],
  "tileset": "sewer",
  "sprites": [
    {
      "id": "chest",
      "type": "objects/chests/wood",
      "pos": [8, 14, 0],
      "facing": "Down"
    },
    {
      "id": "chestmetal",
      "type": "objects/chests/metal",
      "pos": [9, 13, 0],
      "facing": "Right"
    },
    {
      "id": "chestred",
      "type": "objects/chests/red",
      "pos": [9, 14, 0],
      "facing": "Down"
    },
    {
      "id": "chestblue",
      "type": "objects/chests/blue",
      "pos": [7, 13, 0],
      "facing": "Left"
    },
    {
      "id": "door",
      "type": "furniture/door",
      "pos": [9, 1, 0],
      "facing": "Down",
      "zones": ["dungeon-top", "dungeon-bottom"]
    },
    {
      "id": "tree",
      "type": "furniture/tree",
      "fixed": true,
      "pos": [8, 13, 0],
      "facing": "Up"
    },
    {
      "id": "fireplace",
      "type": "furniture/fireplace",
      "fixed": true,
      "pos": [11, 1, 0],
      "facing": "Up"
    },
    {
      "id": "fireplace",
      "type": "effects/fireplace",
      "fixed": true,
      "pos": [11, 1, 0],
      "facing": "Up"
    },
    {
      "id": "darkness",
      "type": "npc/darkness",
      "pos": [6, 5, 0],
      "facing": "Down"
    },
    {
      "id": "air",
      "type": "npc/air-knight",
      "pos": [8, 2, 0],
      "facing": "Down"
    },
    {
      "id": "fire",
      "type": "npc/fire-knight",
      "pos": [2, 8, 0],
      "facing": "Right"
    },
    {
      "id": "earth",
      "type": "npc/earth-knight",
      "pos": [14, 8, 0],
      "facing": "Left"
    },
    {
      "id": "avatar",
      "type": "characters/default",
      "pos": [9, 2, 0],
      "facing": "Down"
    }
  ],
  "scenes": [
    {
      "id": "strange-legend",
      "actions": [
        {
          "sprite": "air",
          "action": "dialogue",
          "args": [
            ["Long ago, in a dungeon far far away", "The sewer was backing up, and well...everyone was losing their $%#t", "But one had a plan..."],
            false,
            { "autoclose": true }
          ]
        },
        {
          "sprite": "air",
          "action": "dialogue",
          "args": [["But what was that plan?..."], false, { "autoclose": true }]
        },
        { "trigger": "custom" }
      ]
    }
  ],
  "scripts": [
    {
      "id": "load-scene",
      "trigger": "async function () { await this.playScene('strange-legend'); }"
    },
    {
      "id": "custom",
      "trigger": "async function () { await this.spriteDialogue('earth', ['Lets get in there!']; }"
    },
    {
      "id": "clear-path",
      "trigger": "async function () { await this.moveSprite('darkness', [8, 3, 0], true); }"
    }
  ],
  "objects": [
    {
      "id": "test-obj",
      "type": "person",
      "mtl": false,
      "useScale": [0.1, 0.1, 0.1],
      "pos": [10, 15, 0]
    },
    {
      "id": "test-bed",
      "type": "bed",
      "mtl": true,
      "pos": [14, 10, 0]
    },
    {
      "id": "test-",
      "random": true,
      "type": "chair",
      "mtl": true,
      "pos": [12, 6, 0]
    },
    {
      "id": "test",
      "random": true,
      "type": "cactus_short",
      "mtl": true,
      "pos": [11, 6, 0]
    },
    {
      "id": "test-robot",
      "type": "robot",
      "mtl": false,
      "pos": [7, 7, 1],
      "rotation": [0, 90, 0]
    },
    {
      "id": "test-cube",
      "type": "die",
      "mtl": true,
      "pos": [6, 4, 1]
    }
  ]
}
