{
  "bounds": [0, 0, 17, 10],
  "tileset": "sewer",
  "audioSrc": "/pixos/audio/calm-escape.mp3",
  "sprites": [
    { "id": "darkness", "type": "characters/male", "pos": [10, 4, 0], "facing": "Down" },
    { "id": "air", "type": "characters/male", "pos": [8, 4, 0], "facing": "Down" },
    { "id": "fire", "type": "characters/male", "pos": [2, 9, 0], "facing": "Right" },
    { "id": "earth", "type": "characters/male", "pos": [14, 7, 0], "facing": "Left" },
    {
      "id": "door",
      "type": "furniture/door",
      "pos": [2, 5, 0],
      "facing": "Down",
      "zones": ["room"]
    },
    {
      "id": "avatar",
      "type": "characters/male",
      "pos": [8, 4, 0],
      "facing": "Down"
    },
    { "id": "spurt1", "type": "effects/spurt", "pos": [10, 5, 0], "facing": "Up" },
    { "id": "spurt2", "type": "effects/spurt", "pos": [9, 6, -1.5], "facing": "Up" },
    { "id": "spurt3", "type": "effects/spurt", "pos": [10, 5, -1.5], "facing": "Up" },
    { "id": "spurt4", "type": "effects/spurt", "pos": [7, 6, -1.5], "facing": "Up" },
    { "id": "spurt5", "type": "effects/spurt", "pos": [6, 7, -1.5], "facing": "Up" },
    { "id": "spurt6", "type": "effects/spurt", "pos": [6, 9, -1.5], "facing": "Up" },
    { "id": "spurt7", "type": "effects/spurt", "pos": [9, 9, -1.5], "facing": "Up" },
    { "id": "spurt8", "type": "effects/spurt", "pos": [7, 10, -1.5], "facing": "Up" },
    { "id": "spurt9", "type": "effects/spurt", "pos": [10, 10, -1.5], "facing": "Up" }
  ],
  "lights": [
    {
      "id": "spot-light",
      "pos": [2, 2, 1],
      "color": [0.8, 0.8, 1],
      "direction": [0.3, 0.3, 1]
    }
  ],
  "scripts": [],
  "scenes": [],
  "objects": []
}
