{
  "bounds": [0, 0, 17, 10],
  "tileset": "sewer",
  "audioSrc": "/pixos/audio/calm-escape.mp3",
  "sprites": [
    { "id": "darkness", "type": "characters/male", "pos": [10, 4, 0], "facing": "Down" },
    { "id": "air", "type": "characters/male", "pos": [8, 4, 0], "facing": "Down" },
    { "id": "fire", "type": "characters/male", "pos": [2, 9, 0], "facing": "Right" },
    { "id": "earth", "type": "characters/male", "pos": [14, 7, 0], "facing": "Left" },
    {
      "id": "door",
      "type": "furniture/door",
      "pos": [2, 5, 0],
      "facing": "Down",
      "zones": ["room"]
    },
    {
      "id": "avatar",
      "type": "characters/male",
      "pos": [8, 4, 0],
      "facing": "Down"
    }
  ],
  "lights": [
    {
      "id": "spot-light",
      "pos": [2, 2, 1],
      "color": [0.8, 0.8, 1],
      "direction": [0.3, 0.3, 1]
    }
  ],
  "scripts": [],
  "scenes": [],
  "objects": []
}
