{
  "bounds": [0, 0, 17, 19],
  "tileset": "sewer",
  "sprites": [
    {
      "id": "air-knight",
      "type": "npc/air-knight",
      "pos": [8, 7, 0],
      "facing": "Left"
    },
    {
      "id": "avatar",
      "type": "characters/male",
      "pos": [8, 4, 0],
      "facing": "Down"
    },
    {
      "id": "door",
      "type": "furniture/door",
      "pos": [2, 5, 0],
      "facing": "Down",
      "zones": ["room"]
    },
    { "id": "chest", "type": "objects/chests/wood", "pos": [8, 14, 0], "facing": "Down" },
    { "id": "chestmetal", "type": "objects/chests/metal", "pos": [9, 13, 0], "facing": "Right" },
    { "id": "chestred", "type": "objects/chests/red", "pos": [9, 14, 0], "facing": "Down" },
    { "id": "chestblue", "type": "objects/chests/blue", "pos": [7, 13, 0], "facing": "Left" }
  ],
  "lights": [
    {
      "id": "spot-light",
      "pos": [2, 2, 1],
      "color": [0.1, 7, 1],
      "direction": [0.3, 0.3, 1]
    }
  ],
  "scenes": [
    {
      "id": "strange-legend",
      "actions": [
        {
          "sprite": "avatar",
          "action": "dialogue",
          "args": [
            ["Long ago, in a dungeon far far away", "The sewer was backing up, and well...everyone was losing their $%#t", "But one had a plan..."],
            false,
            { "autoclose": true }
          ]
        },
        {
          "sprite": "avatar",
          "action": "dialogue",
          "args": [["But what was that plan?..."], false, { "autoclose": true }]
        },
        { "trigger": "custom" }
      ]
    }
  ],
  "scripts": [
    {
      "id": "load-scene",
      "trigger": "async function() { await this.playScene('strange-legend'); }"
    },
    {
      "id": "custom",
      "trigger": "async function() { await this.spriteDialogue('avatar', ['Lets get in there!']); }"
    },
    {
      "id": "clear-path",
      "trigger": "async function() { await this.moveSprite('avatar', [8, 3, 0], true); }"
    }
  ],
  "objects": [
    {
      "id": "test-obj",
      "type": "person",
      "mtl": false,
      "useScale": [0.1, 0.1, 0.1],
      "pos": [10, 15, 0]
    },
    {
      "id": "test-bed",
      "type": "bed",
      "mtl": true,
      "pos": [14, 10, 0]
    },
    {
      "id": "test-",
      "random": true,
      "type": "chair",
      "mtl": true,
      "pos": [12, 6, 0]
    },
    {
      "id": "test",
      "random": true,
      "type": "cactus_short",
      "mtl": true,
      "pos": [11, 6, 0]
    },
    {
      "id": "test-robot",
      "type": "robot",
      "mtl": false,
      "pos": [7, 7, 1],
      "rotation": [0, 90, 0]
    },
    {
      "id": "test-cube",
      "type": "die",
      "mtl": true,
      "pos": [6, 4, 1]
    }
  ]
}
